{
    "deflections": {
        "AX": 80.0,
        "CDD": 2000.0,
        "H1": 0.0,
        "H2": 80.0,
        "L1": 320.0,
        "L2": 115.0
    },
    "gains": {
        "AX": 1.0169738,
        "CDD": 0.0,
        "H1": 1.0,
        "H2": 1.0330831,
        "L1": 1.0126809,
        "L2": 1.0185284
    },
    "settings": [],
    "spectrometer": {}
}