{
    "deflections": {
        "AX": 80.0,
        "CDD": 2000.0,
        "H1": 0.0,
        "H2": 80.0,
        "L1": 320.0,
        "L2": 115.0
    },
    "gains": {
        "AX": 1.015551,
        "CDD": 0.0,
        "H1": 1.0,
        "H2": 1.0387971,
        "L1": 1.0108125,
        "L2": 1.0385488
    },
    "settings": [],
    "spectrometer": {}
}