{
    "deflections": {
        "AX": 150.0,
        "CDD": 0.0,
        "H1": 0.0,
        "H2": 80.0,
        "L1": 320.0,
        "L2": 650.0
    },
    "gains": {
        "AX": 1.0233013,
        "CDD": 0.0,
        "H1": 1.0,
        "H2": 1.0115661,
        "L1": 1.0189468,
        "L2": 1.0393129
    },
    "settings": [],
    "spectrometer": {}
}